{
    "num_partitions": 1,
    "random_state": 42,
    "num_trials": 10,
    "fit_time": 714.4257051944733,
    "score": 0.8840930509337195
}