{
    "num_partitions": 1,
    "random_state": 42,
    "num_trials": 10,
    "fit_time": 475.02116870880127,
    "score": 0.8604343890694123
}